plant_id,product_type,units_produced,max_capacity,production_cost,cost_per_unit,capacity_utilization
Plant_C,Chemical,949,1073,12892.519837371266,13.58537390660829,0.8844361602982292
Plant_A,Chemical,555,707,9524.046587468009,17.16044430174416,0.785007072135785
Plant_C,Chemical,884,1070,9821.856923972826,11.110697877797314,0.8261682242990654
Plant_C,Chemical,932,1071,13917.188516127528,14.932605703999494,0.8702147525676938
Plant_A,Rubber,830,1023,8597.952378137246,10.358978768840055,0.8113391984359726
Plant_A,Chemical,508,626,7991.043915861781,15.730401409176734,0.8115015974440895
Plant_C,Polymer,894,1192,9608.290006383299,10.747527971345972,0.75
Plant_B,Polymer,487,780,8244.91264001404,16.930005420973387,0.6243589743589744
Plant_C,Chemical,506,616,8307.315882818528,16.417620321775747,0.8214285714285714
Plant_C,Chemical,793,980,9051.92769448726,11.41478902205203,0.8091836734693878
Plant_C,Polymer,922,1021,11736.894561507695,12.729820565626568,0.9030362389813908
Plant_C,Polymer,861,913,14189.671198948668,16.48045435417964,0.9430449069003286
Plant_A,Rubber,748,1002,9547.50832607091,12.764048564265924,0.7465069860279441
Plant_C,Polymer,551,707,8316.686822305162,15.093805485127337,0.7793493635077794
Plant_B,Polymer,511,673,6741.508302723213,13.192775543489654,0.7592867756315007
Plant_A,Chemical,258,401,3876.8485299325976,15.02654468966123,0.6433915211970075
Plant_B,Polymer,842,1009,9047.256343415336,10.744960027809189,0.8344895936570862
Plant_B,Rubber,913,1199,10013.069208441391,10.967217095773703,0.7614678899082569
Plant_B,Polymer,954,1201,14540.747830479746,15.241874036142292,0.794338051623647
Plant_B,Chemical,234,364,4329.525574954203,18.502246046812832,0.6428571428571429
Plant_A,Chemical,644,802,8945.397898799334,13.8903694080735,0.8029925187032418
Plant_A,Polymer,292,392,4159.161028331812,14.243702151821275,0.7448979591836735
Plant_B,Chemical,406,700,6683.122248118867,16.460892236745977,0.58
Plant_B,Rubber,552,748,9589.730243663082,17.372699716780946,0.7379679144385026
Plant_A,Rubber,531,750,8688.388517529045,16.362313592333418,0.708
Plant_A,Polymer,924,1008,11634.393789711463,12.5913352702505,0.9166666666666666
Plant_A,Polymer,358,453,5867.54174218908,16.389781402762793,0.7902869757174393
Plant_C,Polymer,223,426,4681.388355985408,20.992772896795554,0.5234741784037559
Plant_C,Chemical,603,895,9240.722553949377,15.32458134983313,0.6737430167597765
Plant_C,Rubber,715,833,11050.054961771815,15.454622324156384,0.858343337334934
Plant_B,Rubber,931,1073,10600.541216384998,11.386188202346936,0.8676607642124884
Plant_C,Chemical,563,676,6368.556053228205,11.311822474650453,0.8328402366863905
Plant_B,Rubber,581,795,10081.137248354933,17.351354988562708,0.730817610062893
Plant_B,Polymer,731,992,9292.643888004532,12.712235140909073,0.7368951612903226
Plant_C,Polymer,351,449,6660.084370643808,18.974599346563554,0.7817371937639198
Plant_B,Polymer,761,959,11439.082625973391,15.031646026246243,0.7935349322210636
Plant_C,Rubber,888,1011,8495.154977053591,9.56661596515044,0.8783382789317508
Plant_C,Polymer,807,1048,12047.21725273507,14.928398082695255,0.7700381679389313
Plant_A,Chemical,816,870,11051.813144488746,13.543888657461698,0.9379310344827586
Plant_C,Chemical,619,768,8889.164835763093,14.36052477506154,0.8059895833333334
Plant_A,Rubber,449,568,7340.201394234916,16.347887292282664,0.7904929577464789
Plant_C,Chemical,316,455,6484.106173237793,20.51932333303099,0.6945054945054945
Plant_C,Chemical,711,764,6410.796031156613,9.016590761120412,0.930628272251309
Plant_A,Rubber,939,1114,11724.688506023012,12.486356236446232,0.8429084380610413
Plant_A,Polymer,777,1057,10563.072522345823,13.594687930947005,0.7350993377483444
Plant_C,Polymer,534,622,7789.6682602010205,14.587393745694795,0.8585209003215434
Plant_B,Polymer,617,908,8771.096237365278,14.215715133493157,0.6795154185022027
Plant_A,Rubber,973,1185,9903.298482970085,10.178107382291968,0.8210970464135021
Plant_B,Chemical,494,672,5890.153195769738,11.92338703597113,0.7351190476190477
Plant_B,Polymer,954,1027,10678.969438961456,11.193888300798172,0.928919182083739
Plant_B,Polymer,570,676,8520.941092282388,14.949019460144541,0.8431952662721893
Plant_A,Rubber,385,534,4552.1712014853565,11.823821302559368,0.7209737827715356
Plant_B,Polymer,445,564,6175.961159314786,13.878564402954574,0.7890070921985816
Plant_A,Rubber,836,926,13929.92456778865,16.662589195919438,0.9028077753779697
Plant_B,Chemical,467,698,5716.616276940273,12.241148344625852,0.669054441260745
Plant_C,Rubber,842,1065,13776.766853151443,16.361955882602665,0.7906103286384977
Plant_C,Rubber,436,545,6471.211326606756,14.842227813318248,0.8
Plant_A,Rubber,729,886,11757.118630902623,16.127734747465876,0.8227990970654627
Plant_C,Rubber,751,988,8546.195043653659,11.379753719911664,0.7601214574898786
Plant_C,Chemical,220,326,2731.120588165295,12.414184491660432,0.6748466257668712
Plant_B,Chemical,936,1016,13171.280073926893,14.071880420862065,0.9212598425196851
Plant_A,Polymer,993,1126,14436.65756108805,14.538426546916465,0.8818827708703375
Plant_B,Chemical,719,920,10363.51096364721,14.413784372249248,0.7815217391304348
Plant_B,Chemical,299,565,3723.965274031487,12.45473335796484,0.5292035398230088
Plant_B,Polymer,951,1036,14134.560990683238,14.862840158447147,0.917953667953668
Plant_B,Chemical,677,939,9653.772327737288,14.259634162093484,0.7209797657082002
Plant_B,Rubber,798,1005,10878.367730030943,13.632039761943537,0.7940298507462686
Plant_B,Rubber,497,698,8354.85279063336,16.81056899523815,0.7120343839541547
Plant_B,Polymer,725,882,10813.434191740149,14.915081643779516,0.8219954648526077
Plant_A,Polymer,533,688,7567.32467000374,14.197607260795008,0.7747093023255814
Plant_C,Polymer,201,408,3529.655215342548,17.56047370817188,0.49264705882352944
Plant_B,Rubber,574,709,7283.6765059580175,12.689331891912923,0.8095909732016925
Plant_B,Chemical,492,761,4827.529562036293,9.812051955358319,0.6465177398160316
Plant_B,Rubber,752,936,9388.113507974733,12.48419349464725,0.8034188034188035
Plant_B,Polymer,517,729,6562.947651063451,12.694289460470893,0.7091906721536351
Plant_B,Chemical,701,933,7277.022851921945,10.380917049817326,0.7513397642015005
Plant_B,Chemical,580,849,7761.918703641299,13.382618454553963,0.6831566548881036
Plant_C,Rubber,822,885,7920.40579267434,9.635530161404306,0.9288135593220339
Plant_C,Polymer,213,382,4280.127324955178,20.094494483357643,0.5575916230366492
Plant_B,Rubber,703,890,11545.835916355958,16.423664176893254,0.7898876404494382
Plant_C,Chemical,430,559,4373.7907695461945,10.171606440805103,0.7692307692307693
Plant_A,Rubber,283,476,5592.080953938334,19.76000337080683,0.5945378151260504
Plant_B,Rubber,329,560,4745.954535063682,14.425393723597816,0.5875
Plant_A,Polymer,942,1214,10743.087558243864,11.404551548029579,0.7759472817133443
Plant_A,Polymer,344,499,3560.4923636805943,10.350268499071495,0.6893787575150301
Plant_B,Chemical,227,493,3800.8680477843286,16.74391210477678,0.460446247464503
Plant_C,Rubber,265,519,4553.521537094569,17.183100139979505,0.5105973025048169
Plant_A,Rubber,362,481,6421.328950171845,17.73847776290565,0.7525987525987526
Plant_B,Rubber,428,521,4159.945220842117,9.719498179537657,0.8214971209213052
Plant_A,Chemical,460,582,5042.654822262144,10.962293091874226,0.7903780068728522
Plant_A,Chemical,648,742,8199.0803462188,12.652901768856172,0.8733153638814016
Plant_A,Polymer,623,900,7859.270958991759,12.615202181367188,0.6922222222222222
Plant_A,Polymer,659,892,7705.4202448928645,11.692595212280523,0.7387892376681614
Plant_C,Polymer,875,1031,10221.971061607142,11.682252641836735,0.8486905916585838
Plant_A,Rubber,500,633,8477.76353001673,16.955527060033457,0.7898894154818326
Plant_A,Rubber,502,633,9074.611840949618,18.076916017827923,0.7930489731437599
Plant_A,Polymer,486,785,6236.972611866486,12.833276979149147,0.619108280254777
Plant_C,Rubber,594,750,9826.643604912777,16.54317105204171,0.792
Plant_A,Polymer,209,443,3902.5103285844507,18.67229822289211,0.4717832957110609
Plant_A,Chemical,906,976,12253.74006383991,13.52509940821182,0.9282786885245902
Plant_C,Polymer,829,1074,9777.925240891891,11.794843475141002,0.7718808193668529
Plant_C,Chemical,469,696,6911.883740399861,14.737491983795014,0.6738505747126436
Plant_C,Rubber,791,1001,12541.368210550892,15.855079912200875,0.7902097902097902
Plant_A,Polymer,804,1072,11062.547950642018,13.759387998310968,0.75
Plant_C,Rubber,977,1033,11875.552699006623,12.155120469812307,0.9457889641819942
Plant_C,Chemical,560,679,8258.297994412818,14.746960704308604,0.8247422680412371
Plant_A,Chemical,456,632,5265.13410063202,11.546346711912324,0.7215189873417721
Plant_C,Chemical,332,524,6478.589334159487,19.51382329566111,0.6335877862595419
Plant_A,Rubber,475,734,6514.859804943736,13.715494326197339,0.6471389645776566
Plant_B,Rubber,975,1184,12656.504001638026,12.98102974526977,0.8234797297297297
Plant_C,Rubber,882,1179,11783.336405339613,13.359791842788676,0.7480916030534351
Plant_B,Rubber,712,964,9802.27243065989,13.767236559915576,0.7385892116182573
Plant_A,Chemical,512,709,5534.229356315371,10.809041711553458,0.7221438645980254
Plant_C,Chemical,775,1040,11546.86886314926,14.899185629870013,0.7451923076923077
Plant_A,Polymer,483,675,5370.974052942797,11.120029095119664,0.7155555555555555
Plant_B,Polymer,320,545,4953.882720622787,15.48088350194621,0.5871559633027523
Plant_A,Rubber,306,554,6137.036768065587,20.055675712632638,0.5523465703971119
Plant_C,Chemical,886,1084,12837.388104912769,14.48915135994669,0.8173431734317343
Plant_C,Chemical,403,622,6134.1962059542375,15.221330535866594,0.6479099678456591
Plant_B,Chemical,364,567,5606.3645856007015,15.402100509892037,0.6419753086419753
Plant_A,Polymer,504,789,5770.503084680811,11.449410882303196,0.6387832699619772
Plant_C,Polymer,696,865,10812.604317629304,15.535351031076587,0.8046242774566474
Plant_B,Chemical,831,1008,9071.528454754965,10.916400065890452,0.8244047619047619
Plant_C,Chemical,755,946,9994.02871125797,13.237124120871483,0.7980972515856237
Plant_C,Chemical,355,461,4604.6810037952255,12.970932405056972,0.7700650759219089
Plant_A,Polymer,566,780,6550.728863648567,11.573725907506303,0.7256410256410256
Plant_C,Chemical,918,1025,12101.373075286025,13.182323611422685,0.895609756097561
Plant_A,Chemical,819,889,8219.801680898923,10.036387888765473,0.9212598425196851
Plant_C,Rubber,450,581,6736.1380205725145,14.969195601272254,0.774526678141136
Plant_B,Rubber,533,651,6366.880927791781,11.945367594356062,0.8187403993855606
Plant_C,Polymer,841,1021,7556.8576382027795,8.985561995484874,0.8237022526934378
Plant_A,Chemical,710,846,8994.568491812259,12.66840632649614,0.8392434988179669
Plant_A,Chemical,492,759,5835.924400310065,11.861634959979806,0.6482213438735178
Plant_B,Rubber,219,433,3103.929283630774,14.173193075939608,0.5057736720554272
Plant_C,Polymer,481,746,8119.075506060071,16.879574856673745,0.6447721179624665
Plant_C,Rubber,996,1094,10359.961829965434,10.401568102374934,0.9104204753199269
Plant_B,Rubber,200,396,4131.96459420405,20.659822971020247,0.5050505050505051
Plant_C,Rubber,318,482,3267.0048318365957,10.27360010011508,0.6597510373443983
Plant_C,Rubber,234,372,3338.119862822088,14.265469499239693,0.6290322580645161
Plant_A,Chemical,397,531,6931.570767068927,17.45987598757916,0.7476459510357816
Plant_C,Chemical,684,861,8037.387569949526,11.750566622733224,0.794425087108014
Plant_C,Rubber,956,1145,8960.389688391946,9.372792561079441,0.8349344978165939
Plant_B,Polymer,258,556,4049.7598237458546,15.696743502890909,0.46402877697841727
Plant_B,Polymer,360,598,5329.072358933056,14.802978774814045,0.6020066889632107
Plant_A,Polymer,890,1108,14063.984731175511,15.802230035028664,0.8032490974729242
Plant_C,Polymer,405,615,4891.026056549411,12.076607547035582,0.6585365853658537
Plant_C,Rubber,211,438,4362.400182431862,20.674882381193658,0.4817351598173516
Plant_C,Chemical,689,855,10644.255749575643,15.448847241764359,0.8058479532163743
Plant_A,Polymer,475,720,6069.75422192022,12.778429940884672,0.6597222222222222
Plant_A,Rubber,892,1068,14628.792650184601,16.39999176029664,0.8352059925093633
Plant_B,Polymer,441,724,5567.284261694722,12.624227350781682,0.6091160220994475
Plant_A,Polymer,415,713,7015.518819680781,16.904864625736824,0.5820476858345021
Plant_C,Rubber,450,570,4382.242088397505,9.738315751994454,0.7894736842105263
Plant_C,Chemical,325,460,5968.972382483154,18.366068869178935,0.7065217391304348
Plant_A,Chemical,416,712,6454.878705624278,15.51653535005836,0.5842696629213483
Plant_C,Rubber,505,587,6851.331929921729,13.566993920637087,0.8603066439522998
Plant_C,Chemical,996,1126,14004.665864543509,14.060909502553724,0.8845470692717584
Plant_A,Rubber,384,585,5692.04071344982,14.823022691275574,0.6564102564102564
Plant_A,Rubber,238,348,3098.754599118778,13.019977307221756,0.6839080459770115
Plant_C,Rubber,422,532,4896.008505182396,11.60191588905781,0.793233082706767
Plant_C,Chemical,383,530,5616.341251136133,14.664076373723585,0.7226415094339622
Plant_C,Rubber,694,771,10018.496066985314,14.435873295367887,0.9001297016861219
Plant_B,Polymer,626,861,11122.329642987816,17.767299749181813,0.727061556329849
Plant_B,Chemical,377,469,5584.467407047858,14.812910894026148,0.8038379530916845
Plant_B,Chemical,627,845,10126.132784473533,16.150132032653165,0.7420118343195267
Plant_A,Chemical,493,709,7179.7786751051735,14.563445588448628,0.6953455571227081
Plant_B,Chemical,350,485,4387.447891665181,12.535565404757659,0.7216494845360825
Plant_A,Polymer,583,809,6956.646075524808,11.932497556646327,0.7206427688504327
Plant_A,Chemical,837,903,12478.809596689413,14.90897203905545,0.9269102990033222
Plant_B,Chemical,507,654,7541.534706427754,14.87482190616914,0.7752293577981652
Plant_B,Rubber,535,782,6101.320080095818,11.404336598309941,0.6841432225063938
Plant_B,Chemical,945,1232,10673.472137942359,11.294679511050115,0.7670454545454546
Plant_C,Polymer,574,821,9667.319689765938,16.842020365445887,0.6991473812423873
Plant_B,Polymer,207,354,3526.059081315671,17.03410184210469,0.5847457627118644
Plant_C,Polymer,540,654,7351.082169974467,13.613115129582347,0.8256880733944955
Plant_A,Polymer,328,451,5674.214848321397,17.29943551317499,0.7272727272727273
Plant_C,Chemical,975,1109,10879.797932458314,11.158767110213656,0.8791704238052299
Plant_B,Chemical,868,922,10281.063324700637,11.844543000807185,0.9414316702819957
Plant_A,Polymer,551,602,7575.699306753611,13.749000556721617,0.915282392026578
Plant_A,Polymer,557,628,5416.194768679676,9.723868525457227,0.8869426751592356
Plant_A,Chemical,716,877,10120.744483595246,14.135117993848109,0.8164196123147093
Plant_C,Polymer,694,800,8382.051088885453,12.077883413379615,0.8675
Plant_B,Rubber,285,400,4930.866208370155,17.301284941649666,0.7125
Plant_A,Polymer,374,497,6484.0822031212265,17.337118190163707,0.7525150905432596
Plant_A,Polymer,392,539,5140.405396904917,13.113279073737035,0.7272727272727273
Plant_A,Rubber,510,703,8292.660507168992,16.260118641507827,0.7254623044096729
Plant_C,Rubber,318,479,4860.080310392484,15.283271416328565,0.6638830897703549
Plant_C,Chemical,417,645,7157.090984931409,17.163287733648463,0.6465116279069767
Plant_B,Chemical,626,800,6528.740170885696,10.429297397580983,0.7825
Plant_C,Rubber,613,829,8364.863771514734,13.645781030203482,0.7394451145958987
Plant_A,Rubber,313,448,5162.324842730273,16.49305061575167,0.6986607142857143
Plant_B,Chemical,344,469,4620.35387786549,13.431261272864797,0.7334754797441365
Plant_A,Polymer,737,874,8359.494654406848,11.342597902858682,0.8432494279176201
Plant_A,Rubber,847,1135,11380.591516937538,13.436353620941604,0.7462555066079295
Plant_C,Chemical,502,719,7148.888961052584,14.240814663451362,0.6981919332406119
Plant_B,Polymer,943,1030,10801.014248077063,11.453885734970374,0.9155339805825242
Plant_C,Rubber,787,1024,10704.600650687313,13.601779734037246,0.7685546875
Plant_C,Polymer,544,652,6431.080056192861,11.821838338589817,0.8343558282208589
Plant_B,Chemical,200,387,4185.387066867108,20.92693533433554,0.5167958656330749
Plant_A,Rubber,346,494,3917.8888957292684,11.323378311356267,0.7004048582995951
Plant_A,Polymer,486,727,8328.990688979922,17.137840923827,0.6685006877579092
Plant_B,Rubber,853,1145,9461.69732574631,11.092259467463435,0.7449781659388647
Plant_A,Polymer,252,364,3425.018557934387,13.591343483866615,0.6923076923076923
Plant_B,Chemical,503,601,5298.169047653888,10.53313925974928,0.8369384359400999
Plant_B,Chemical,268,509,4055.365574649145,15.131961099437108,0.5265225933202358
Plant_C,Rubber,560,641,7590.3190239891865,13.554141114266404,0.8736349453978159
Plant_B,Polymer,801,985,9534.546612230319,11.903304135118999,0.8131979695431472
Plant_C,Rubber,419,489,6490.692947300582,15.490913955371317,0.8568507157464212
Plant_A,Rubber,903,972,8976.03403918558,9.940237031213268,0.9290123456790124
Plant_A,Polymer,774,977,9101.331543064523,11.7588262830291,0.7922210849539406
Plant_A,Polymer,784,960,9639.44205550209,12.295206703446542,0.8166666666666667
Plant_A,Polymer,360,477,4277.377962173849,11.881605450482912,0.7547169811320755
Plant_C,Chemical,880,1039,9699.826413660674,11.022530015523493,0.8469682386910491
Plant_A,Rubber,288,453,4218.8874095989395,14.648914616662985,0.6357615894039735
Plant_B,Rubber,887,1150,10755.443988085855,12.12564147473039,0.7713043478260869
Plant_B,Chemical,980,1172,11142.16089449528,11.36955193315845,0.8361774744027304
Plant_B,Polymer,784,953,10926.073820584701,13.936318648704976,0.8226652675760755
Plant_C,Chemical,956,1237,12917.724624960969,13.512264252051223,0.7728375101050929
Plant_A,Chemical,788,1050,8021.605875093565,10.179702887174574,0.7504761904761905
Plant_A,Chemical,358,486,4878.660869607753,13.627544328513276,0.7366255144032922
Plant_A,Rubber,688,951,11161.837962384476,16.223601689512318,0.7234490010515248
Plant_C,Chemical,523,688,6629.332985871257,12.675588883119039,0.7601744186046512
Plant_B,Rubber,809,950,12251.160347481218,15.143585101954534,0.8515789473684211
Plant_B,Rubber,580,643,7407.969123193765,12.772360557230629,0.9020217729393468
Plant_A,Rubber,301,505,5938.60746540683,19.72959290832834,0.596039603960396
Plant_B,Polymer,693,867,10191.686719724643,14.706618643181303,0.7993079584775087
Plant_B,Rubber,843,1125,11237.363394045566,13.330205686886792,0.7493333333333333
Plant_C,Rubber,813,1030,13576.244620720961,16.698947872965512,0.7893203883495146
Plant_C,Polymer,218,325,2911.9141781141916,13.357404486762347,0.6707692307692308
Plant_C,Rubber,653,730,7073.6316287337195,10.832513979684103,0.8945205479452055
Plant_C,Chemical,681,756,11040.086389796448,16.2115806017569,0.9007936507936508
Plant_A,Chemical,793,955,12651.80306445647,15.954354431849268,0.8303664921465969
Plant_C,Rubber,596,836,6878.1050238001035,11.540444670805543,0.7129186602870813
Plant_B,Polymer,478,593,5628.837178666927,11.775809997211145,0.806070826306914
Plant_A,Chemical,564,766,5503.720793729899,9.758370201648757,0.7362924281984334
Plant_B,Polymer,530,827,7273.215426664951,13.723047974839531,0.6408706166868199
Plant_B,Polymer,840,1020,11781.500962545326,14.025596383982531,0.8235294117647058
Plant_B,Chemical,543,792,7886.842925698729,14.52457260717998,0.6856060606060606
Plant_C,Polymer,654,747,8384.950869357315,12.821025794124335,0.8755020080321285
Plant_C,Chemical,800,946,9915.774362900145,12.394717953625182,0.8456659619450317
Plant_A,Polymer,924,1015,9385.918520257947,10.15792047646964,0.9103448275862069
Plant_A,Chemical,854,1147,9592.026707430567,11.23188139043392,0.7445510026155188
Plant_C,Rubber,264,540,4316.613550236768,16.350808902412,0.4888888888888889
Plant_B,Chemical,275,330,4693.73340876632,17.06812148642298,0.8333333333333334
Plant_A,Chemical,910,1126,13839.974672703047,15.208763376596755,0.8081705150976909
Plant_C,Chemical,342,571,3684.0591347136688,10.772102733080903,0.5989492119089317
Plant_C,Chemical,804,876,12504.179136376462,15.552461612408536,0.9178082191780822
Plant_C,Polymer,672,810,10812.023021540177,16.089319972530024,0.8296296296296296
Plant_B,Rubber,616,788,10196.208615129312,16.55228671287226,0.7817258883248731
Plant_C,Chemical,504,731,6426.408645772379,12.750810805103926,0.6894664842681258
Plant_C,Polymer,935,1155,11143.70803971742,11.91840432055339,0.8095238095238095
Plant_C,Rubber,696,892,8936.751274048405,12.840159876506329,0.7802690582959642
Plant_C,Rubber,490,736,4738.046057247308,9.669481749484303,0.6657608695652174
Plant_A,Rubber,301,401,3527.432703048292,11.719045525077382,0.7506234413965087
Plant_A,Rubber,466,526,5276.60754110766,11.3231921482997,0.8859315589353612
Plant_C,Chemical,821,1118,10742.81017081484,13.085030658726968,0.7343470483005367
Plant_B,Chemical,976,1037,13640.248592377611,13.975664541370504,0.9411764705882353
Plant_A,Polymer,202,325,4238.081669530797,20.980602324409883,0.6215384615384615
Plant_C,Polymer,284,341,3557.066556388736,12.52488224080541,0.8328445747800587
Plant_A,Polymer,993,1194,15853.873847194256,15.965633280155343,0.8316582914572864
Plant_A,Rubber,527,796,8563.69793684629,16.249901208436984,0.6620603015075377
Plant_B,Rubber,649,739,9965.556473175318,15.355248803043635,0.878213802435724
Plant_C,Chemical,653,866,11248.230287005568,17.225467514556765,0.754041570438799
Plant_C,Rubber,828,1106,11406.585306341387,13.77606921055723,0.7486437613019892
Plant_B,Rubber,420,554,7821.341073809295,18.622240651926894,0.7581227436823105
Plant_B,Rubber,353,474,4377.656724405124,12.401293836841711,0.7447257383966245
Plant_C,Polymer,864,968,10980.17682797556,12.708537995342082,0.8925619834710744
Plant_C,Polymer,211,397,3746.9999038051574,17.75829338296283,0.5314861460957179
Plant_B,Chemical,332,428,4746.688259575982,14.29725379390356,0.7757009345794392
Plant_A,Rubber,503,695,5103.175465571803,10.145478062767005,0.7237410071942446
Plant_A,Rubber,492,717,6589.909524882767,13.39412505057473,0.6861924686192469
Plant_B,Chemical,499,786,7539.828157918546,15.109876067973039,0.6348600508905853
Plant_A,Rubber,939,1092,12808.44077026021,13.64051200240704,0.8598901098901099
Plant_B,Rubber,982,1241,9983.017899033173,10.16600600716209,0.7912973408541499
Plant_A,Polymer,242,333,4413.653055216268,18.238235765356478,0.7267267267267268
Plant_A,Chemical,542,651,8575.692491323607,15.82231086960075,0.8325652841781874
Plant_C,Chemical,525,786,7469.853242214467,14.228291889932319,0.6679389312977099
Plant_C,Chemical,697,944,10728.844608000829,15.392890398853414,0.7383474576271186
Plant_A,Chemical,563,624,6499.102637968545,11.543699179340223,0.9022435897435898
Plant_A,Polymer,626,805,8057.215976730524,12.87095203950563,0.7776397515527951
Plant_C,Polymer,220,276,4080.37797033482,18.547172592431,0.7971014492753623
Plant_C,Rubber,606,735,6866.23486266984,11.330420565461782,0.8244897959183674
Plant_C,Rubber,818,998,10012.1015094934,12.239732896691198,0.8196392785571143
Plant_B,Rubber,535,693,8626.739990843465,16.124747646436383,0.772005772005772
Plant_A,Rubber,316,368,5238.416056461503,16.57726600146045,0.8586956521739131
Plant_C,Polymer,323,399,4471.065250940996,13.842307278455095,0.8095238095238095
Plant_A,Chemical,598,761,6080.447183560838,10.167971878864279,0.78580814717477
Plant_B,Polymer,992,1148,9592.840777412532,9.670202396585214,0.8641114982578397
Plant_B,Rubber,914,1003,12645.819985170145,13.83568926167412,0.9112662013958126
Plant_C,Polymer,250,529,3715.3465084822205,14.861386033928882,0.4725897920604915
Plant_B,Chemical,982,1192,10018.234701901478,10.201868331875232,0.8238255033557047
Plant_A,Chemical,523,792,8640.90992185437,16.521816294176617,0.6603535353535354
Plant_C,Polymer,988,1166,12961.249583665367,13.118673667677497,0.8473413379073756
Plant_A,Polymer,340,636,4446.471924271543,13.077858600798654,0.5345911949685535
Plant_A,Polymer,669,726,8442.934817335814,12.620231416047554,0.9214876033057852
Plant_B,Rubber,986,1136,13253.614148371258,13.441799339118923,0.8679577464788732
Plant_B,Polymer,533,742,5868.492045367564,11.010304025079858,0.7183288409703504
Plant_B,Polymer,572,745,7529.533625380915,13.163520324092508,0.7677852348993288
Plant_B,Polymer,763,988,11429.939216647937,14.980261096524165,0.7722672064777328
Plant_B,Chemical,693,849,9373.334447157245,13.525735132983039,0.8162544169611308
Plant_C,Chemical,738,888,10215.609548148486,13.842289360634805,0.831081081081081
Plant_A,Rubber,868,921,11471.122400888955,13.21557880286746,0.9424538545059717
Plant_A,Rubber,950,1221,9623.406144524695,10.129901204762836,0.778050778050778
Plant_A,Chemical,355,602,4601.796091211281,12.962805890736004,0.5897009966777409
Plant_A,Chemical,490,649,6933.753568235847,14.150517486195605,0.7550077041602465
Plant_B,Chemical,847,1142,9863.840324279656,11.64562021756748,0.7416812609457093
Plant_A,Polymer,343,411,3963.277824692291,11.554745844583937,0.8345498783454988
Plant_C,Polymer,305,386,5231.38409153731,17.15207898864692,0.7901554404145078
Plant_C,Chemical,619,805,9719.723854320908,15.702300249306798,0.768944099378882
Plant_A,Polymer,869,930,13516.514713809363,15.554102087237473,0.9344086021505377
Plant_A,Polymer,857,1045,13679.326795911345,15.961874907714522,0.8200956937799043
Plant_C,Rubber,201,296,2605.14359950631,12.96091343037965,0.6790540540540541
Plant_C,Chemical,788,956,12968.104468629861,16.45698536628155,0.8242677824267782
Plant_B,Chemical,843,908,9102.031129230012,10.797189951637025,0.9284140969162996
Plant_C,Polymer,289,467,4914.806149625654,17.006249652683923,0.6188436830835118
Plant_B,Chemical,544,656,10111.124212013427,18.586625389730564,0.8292682926829268
Plant_B,Rubber,549,707,7949.194573677099,14.479407238027502,0.7765205091937766
Plant_B,Rubber,658,826,10383.999298768973,15.78115394949692,0.7966101694915254
Plant_B,Rubber,462,756,6930.162716372877,15.000352199941293,0.6111111111111112
Plant_B,Chemical,550,620,7007.535880927497,12.740974328959085,0.8870967741935484
Plant_A,Chemical,307,514,3943.7693273662,12.846154160801953,0.5972762645914397
Plant_C,Chemical,785,847,11029.693797996963,14.050565347766831,0.9268004722550177
Plant_B,Chemical,238,449,3324.191696264189,13.967192001110037,0.5300668151447662
Plant_C,Chemical,358,411,5078.489734443391,14.185725515205004,0.8710462287104623
Plant_C,Rubber,782,987,12385.753293856345,15.83855919930479,0.7922998986828774
Plant_B,Polymer,511,662,6119.976509250514,11.97647066389533,0.7719033232628398
Plant_A,Rubber,440,739,6905.729378438154,15.69483949645035,0.5953991880920162
Plant_B,Chemical,644,916,11152.281355335497,17.317207073502324,0.7030567685589519
Plant_A,Rubber,497,605,8987.248185647624,18.082994337319164,0.8214876033057851
Plant_C,Chemical,235,531,5434.773879017455,23.126697357521085,0.4425612052730697
Plant_A,Chemical,283,460,4186.517802732857,14.793349126264511,0.6152173913043478
Plant_A,Rubber,651,727,11616.177585914247,17.843590761773036,0.8954607977991746
Plant_A,Chemical,974,1092,14102.191796929943,14.47863634181719,0.891941391941392
Plant_C,Polymer,584,658,6354.191024307332,10.880464082718033,0.8875379939209727
Plant_C,Chemical,371,551,4782.0338669513485,12.889579156203096,0.6733212341197822
Plant_A,Polymer,575,721,8070.43086766172,14.035531943759514,0.79750346740638
Plant_A,Polymer,884,1129,10140.55875820847,11.471220314715463,0.7829937998228521
Plant_B,Chemical,561,635,8190.589317447522,14.599980958016975,0.8834645669291339
Plant_A,Rubber,758,955,10440.76458087552,13.774095753133933,0.793717277486911
Plant_B,Polymer,340,551,4528.180849752236,13.318178969859519,0.617059891107078
Plant_A,Rubber,317,520,4669.211485707833,14.729373771949,0.6096153846153847
Plant_B,Polymer,476,651,7745.508498897354,16.272076678355784,0.7311827956989247
Plant_C,Chemical,925,1107,11669.162548344259,12.615310863074875,0.8355916892502259
Plant_A,Chemical,419,695,5122.826781422052,12.22631690076862,0.6028776978417266
Plant_A,Polymer,225,463,3545.2798299500537,15.75679924422246,0.48596112311015116
Plant_A,Chemical,720,989,8775.453490792464,12.188129848322868,0.7280080889787665
Plant_A,Polymer,982,1252,15248.886690402593,15.528397851733802,0.7843450479233227
Plant_B,Chemical,209,267,3050.393823398721,14.595185757888617,0.7827715355805244
Plant_A,Rubber,577,742,8886.766727855073,15.401675438223696,0.7776280323450134
Plant_C,Chemical,832,1111,8941.639095114317,10.747162373935478,0.7488748874887489
Plant_C,Rubber,836,1063,9384.001840047948,11.22488258378941,0.786453433678269
Plant_A,Chemical,881,1064,12904.908079385312,14.648022791583783,0.8280075187969925
Plant_C,Rubber,783,1043,11458.929246408192,14.634647824276106,0.75071907957814
Plant_A,Chemical,351,460,4265.5941727383215,12.15268995082143,0.7630434782608696
Plant_A,Rubber,919,1140,11871.203166610088,12.91752248815026,0.8061403508771929
Plant_C,Polymer,248,418,2866.4967543572748,11.55845465466643,0.5933014354066986
Plant_A,Polymer,353,541,5083.7664627586355,14.401604710364406,0.6524953789279113
Plant_C,Rubber,492,735,7930.031344639015,16.11794988747767,0.6693877551020408
Plant_B,Chemical,779,1003,8613.63022260418,11.057291684986112,0.7766699900299102
Plant_A,Rubber,249,406,3572.4430624868282,14.347160893521398,0.6133004926108374
Plant_B,Chemical,863,1020,10496.01708958855,12.162244599754981,0.846078431372549
Plant_C,Polymer,730,980,11493.732372266339,15.744838866118272,0.7448979591836735
Plant_B,Chemical,811,1073,14025.541040185135,17.294131985431733,0.7558247903075489
Plant_B,Polymer,259,524,2831.389833691422,10.932007079889662,0.49427480916030536
Plant_C,Chemical,366,641,6778.3264344973995,18.520017580593986,0.5709828393135725
Plant_B,Chemical,401,664,5777.229132144392,14.40705519238003,0.6039156626506024
Plant_B,Chemical,345,525,5005.144748774291,14.507665938476205,0.6571428571428571
Plant_C,Rubber,875,1000,12168.861552927257,13.90727034620258,0.875
Plant_B,Rubber,638,907,10419.086733694407,16.330856949364275,0.7034178610804851
Plant_C,Polymer,441,520,7575.1387287334655,17.177185325926224,0.8480769230769231
Plant_B,Polymer,780,1047,10132.917537731915,12.990919920169121,0.7449856733524355
Plant_C,Rubber,886,1175,10787.479835232705,12.175485141346169,0.7540425531914894
Plant_C,Polymer,760,830,12226.487497821134,16.08748354976465,0.9156626506024096
Plant_B,Rubber,682,887,7997.5638202910095,11.726633167582126,0.7688838782412627
Plant_B,Chemical,307,604,5240.325002629148,17.069462549280612,0.5082781456953642
Plant_B,Polymer,425,692,5069.446601885524,11.92810965149535,0.6141618497109826
Plant_A,Polymer,872,1111,12110.576567638367,13.88827588031923,0.7848784878487849
Plant_A,Rubber,830,1040,8711.255411658018,10.495488447780744,0.7980769230769231
Plant_A,Polymer,860,1122,9452.583286628416,10.991375914684205,0.7664884135472371
Plant_C,Polymer,861,1073,14329.950212714091,16.64338003799546,0.8024231127679403
Plant_B,Chemical,631,860,6990.333466295562,11.0781829893749,0.7337209302325581
Plant_C,Polymer,854,937,10471.820944911053,12.262085415586713,0.9114194236926361
Plant_A,Chemical,618,708,6931.4084465756005,11.215871272776052,0.8728813559322034
Plant_B,Rubber,654,754,6736.216441266183,10.300025139550739,0.8673740053050398
Plant_C,Polymer,359,583,4067.3269245662327,11.329601461187277,0.6157804459691252
Plant_B,Chemical,722,853,8412.03685193561,11.651020570547937,0.8464243845252052
Plant_C,Rubber,849,956,13665.222723894141,16.095668697166243,0.8880753138075314
Plant_B,Polymer,789,913,9289.876633139951,11.774241613612105,0.864184008762322
Plant_A,Rubber,276,510,5104.47403525053,18.494471142212063,0.5411764705882353
Plant_A,Polymer,708,780,9429.524644699308,13.318537633756085,0.9076923076923077
Plant_B,Rubber,640,865,7734.843047483766,12.085692261693385,0.7398843930635838
Plant_C,Rubber,453,630,6495.8082199666715,14.339532494407663,0.719047619047619
Plant_A,Chemical,969,1168,12376.523922801352,12.772470508566927,0.8296232876712328
Plant_A,Rubber,519,585,8422.368517556471,16.228070361380485,0.8871794871794871
Plant_A,Polymer,462,580,6096.832013802565,13.196606090481742,0.7965517241379311
Plant_B,Polymer,796,953,8940.35899145877,11.23160677318941,0.8352570828961176
Plant_B,Chemical,857,1045,13312.560694043708,15.53390979468344,0.8200956937799043
Plant_C,Polymer,753,896,11785.44058164183,15.651315513468564,0.8404017857142857
Plant_C,Polymer,573,637,8899.270108423458,15.53101240562558,0.8995290423861853
Plant_C,Polymer,836,976,10883.562885244068,13.018615891440273,0.8565573770491803
Plant_B,Rubber,366,578,5490.169243778017,15.000462414694034,0.6332179930795848
Plant_B,Rubber,952,1034,11919.075640571704,12.520037437575319,0.9206963249516441
Plant_C,Polymer,658,919,8307.974042634723,12.62610036874578,0.7159956474428727
Plant_C,Chemical,479,653,6337.287729186784,13.230245781183266,0.7335375191424196
Plant_B,Rubber,899,964,12247.543768318395,13.623519208363065,0.9325726141078838
Plant_C,Chemical,501,712,5507.849547986263,10.993711672627272,0.7036516853932584
Plant_A,Polymer,730,845,8787.936542982925,12.038269236962911,0.863905325443787
Plant_B,Polymer,779,1055,12491.709228988178,16.035570255440536,0.738388625592417
Plant_C,Rubber,417,634,5877.631300465637,14.09503908984565,0.6577287066246057
Plant_B,Polymer,301,598,3388.5995132285516,11.257805691789208,0.5033444816053512
Plant_A,Rubber,753,958,8217.011678856172,10.912366107378714,0.7860125260960334
Plant_B,Polymer,487,583,9004.59060164633,18.489919099889796,0.8353344768439108
Plant_B,Polymer,366,582,6101.36097885632,16.670385188132023,0.6288659793814433
Plant_B,Rubber,820,1067,10363.146827522549,12.637983936003108,0.7685098406747891
Plant_B,Rubber,235,485,4658.626247410088,19.8239414783408,0.4845360824742268
Plant_A,Rubber,943,1140,14166.10289991305,15.022378472866437,0.8271929824561404
Plant_B,Polymer,940,1113,11334.41382135636,12.057887043996129,0.8445642407906558
Plant_B,Polymer,552,602,8393.081201605142,15.204857249284679,0.9169435215946844
Plant_C,Chemical,875,1124,13239.284353935247,15.13061069021171,0.7784697508896797
Plant_B,Rubber,272,568,4565.141763565971,16.783609424874893,0.4788732394366197
Plant_C,Polymer,847,983,9272.051894554497,10.946932579167058,0.861648016276704
Plant_A,Polymer,552,729,9537.11951111673,17.27739041868973,0.757201646090535
Plant_A,Rubber,269,509,3886.7694277061287,14.448956980320181,0.5284872298624754
Plant_A,Chemical,624,740,7975.234131745518,12.780823929079357,0.8432432432432433
Plant_A,Rubber,907,960,11266.21854702938,12.42140964391332,0.9447916666666667
Plant_C,Chemical,980,1215,9864.736543771842,10.06605769772637,0.8065843621399177
Plant_B,Polymer,760,962,7907.203942014784,10.404215713177347,0.7900207900207901
Plant_A,Chemical,841,937,12303.334448361424,14.629410759050444,0.8975453575240128
Plant_B,Polymer,716,803,7600.649412169729,10.615432139901856,0.8916562889165629
Plant_C,Rubber,627,819,7721.061322531383,12.314292380432827,0.7655677655677655
Plant_C,Rubber,738,978,10369.606083417364,14.050956752598054,0.754601226993865
Plant_C,Rubber,359,429,4235.327156226549,11.797568680296793,0.8368298368298368
Plant_A,Chemical,348,624,6425.561568827492,18.464257381688196,0.5576923076923077
Plant_B,Polymer,975,1081,10306.007808013237,10.570264418475116,0.9019426456984274
Plant_B,Rubber,429,595,5705.072055996276,13.29853626106358,0.7210084033613445
Plant_B,Rubber,911,1141,10214.058195064626,11.211918984703212,0.7984224364592463
Plant_C,Polymer,761,856,7874.333680461601,10.347350434246518,0.889018691588785
Plant_A,Rubber,266,559,3038.7421647412457,11.423842724591148,0.47584973166368516
Plant_C,Polymer,580,771,8110.7084291071515,13.983980050184744,0.7522697795071336
Plant_C,Polymer,257,534,5762.8872347241995,22.423685738226457,0.4812734082397004
Plant_B,Polymer,458,711,6331.705722141476,13.824684982841651,0.6441631504922645
Plant_C,Polymer,541,735,7931.692661568019,14.661169429885431,0.7360544217687075
Plant_B,Polymer,329,417,5933.14352249539,18.03387088904374,0.7889688249400479
Plant_A,Chemical,926,1112,13926.202454880418,15.039095523628962,0.8327338129496403
Plant_B,Rubber,371,519,5572.207760273306,15.019427925264976,0.7148362235067437
Plant_A,Chemical,969,1095,11514.925397528,11.883307943785347,0.8849315068493151
Plant_B,Rubber,813,1069,10275.388974763431,12.638854827507295,0.7605238540692236
Plant_C,Chemical,408,667,6399.564941103861,15.685208188980052,0.6116941529235382
Plant_C,Polymer,553,717,9260.700289277389,16.746293470664355,0.7712691771269177
Plant_A,Rubber,670,944,7110.662184726645,10.612928633920365,0.7097457627118644
Plant_A,Rubber,997,1180,12550.295751623516,12.588059931417769,0.8449152542372881
Plant_A,Chemical,315,583,5047.432531978402,16.023595339613976,0.5403087478559176
Plant_B,Chemical,463,663,7723.786907082332,16.682045155685383,0.698340874811463
Plant_B,Rubber,861,1097,14313.000565926432,16.62369403708064,0.7848678213309025
Plant_A,Chemical,641,781,10044.38027680469,15.669860026216364,0.8207426376440461
Plant_C,Chemical,747,894,8712.599074358639,11.663452576115983,0.8355704697986577
Plant_B,Chemical,652,821,9819.465749561223,15.060530290738072,0.7941534713763703
Plant_B,Polymer,676,771,9307.694369673443,13.768778653363082,0.8767833981841764
Plant_B,Polymer,486,573,5589.036791970618,11.500075703643246,0.8481675392670157
Plant_A,Chemical,502,693,6763.3764329756095,13.472861420270139,0.7243867243867244
Plant_A,Chemical,510,659,7573.099983179122,14.849215653292397,0.7738998482549317
Plant_A,Polymer,407,701,5052.386207691208,12.413725326022625,0.5805991440798859
Plant_A,Polymer,817,938,12126.222919803628,14.842378114814721,0.8710021321961621
Plant_A,Rubber,645,884,8536.072505485972,13.234220938737941,0.7296380090497737
Plant_C,Rubber,869,953,13500.769726029741,15.53598357425747,0.9118572927597062
Plant_C,Polymer,832,1028,8030.284647001137,9.651784431491752,0.8093385214007782
Plant_A,Chemical,254,333,4139.674339986871,16.297930472389258,0.7627627627627628
Plant_B,Chemical,211,338,4423.442049997522,20.96418033174181,0.6242603550295858
Plant_A,Chemical,856,989,9251.178487327012,10.807451503886696,0.865520728008089
Plant_C,Chemical,599,761,8877.23638128982,14.82009412569252,0.7871222076215506
Plant_C,Rubber,847,921,11926.510665656844,14.080886264057668,0.9196525515743756
Plant_B,Polymer,714,931,6749.263509353136,9.45275001309963,0.7669172932330827
Plant_C,Chemical,855,992,11407.99699224344,13.3426865406356,0.8618951612903226
Plant_A,Rubber,741,804,9971.28947480069,13.456531005129134,0.9216417910447762
Plant_B,Chemical,436,639,5359.573581420162,12.292599957385692,0.6823161189358372
Plant_A,Polymer,478,629,7796.28583979772,16.31022142217096,0.7599364069952306
Plant_A,Rubber,547,811,8080.0833292613415,14.77163314307375,0.6744759556103576
Plant_B,Polymer,826,1025,12391.685454743125,15.00204050211032,0.8058536585365854
Plant_A,Polymer,303,528,5901.122688466758,19.475652437184017,0.5738636363636364
Plant_C,Rubber,829,1127,10014.528087739565,12.080251010542298,0.735581188997338
Plant_A,Rubber,716,848,11191.237360383984,15.630219777072604,0.8443396226415094
Plant_B,Rubber,447,606,7552.003377795931,16.894862142720203,0.7376237623762376
Plant_B,Rubber,563,791,9266.610060919851,16.45934291460009,0.7117572692793932
Plant_B,Rubber,520,700,8425.995963996153,16.203838392300295,0.7428571428571429
Plant_A,Rubber,832,1051,8828.12664473253,10.610729140303523,0.7916270218839201
Plant_B,Rubber,485,553,7179.093469166685,14.802254575601413,0.8770343580470162
Plant_B,Chemical,348,598,4620.53090790553,13.2773876663952,0.5819397993311036
Plant_A,Polymer,283,360,4037.4650707368914,14.26666102733884,0.7861111111111111
Plant_C,Rubber,605,866,6804.288915199265,11.246758537519446,0.6986143187066974
Plant_A,Chemical,655,877,11101.417861033045,16.948729558829076,0.7468643101482326
Plant_B,Chemical,942,1062,13700.960258277362,14.544543798595926,0.8870056497175142
Plant_B,Chemical,999,1254,14576.338779324597,14.590929709033631,0.7966507177033493
Plant_A,Polymer,360,472,5671.83227332584,15.755089648127333,0.7627118644067796
Plant_C,Rubber,983,1105,12292.00990279794,12.50458789704775,0.8895927601809954
Plant_B,Chemical,659,832,11023.45757884633,16.727553230419318,0.7920673076923077
Plant_B,Polymer,749,917,9690.411263011803,12.937798749014425,0.816793893129771
Plant_B,Polymer,699,869,9414.573774429118,13.468632009197593,0.8043728423475259
Plant_A,Polymer,937,1005,9881.64676868986,10.546047778751184,0.9323383084577115
Plant_B,Chemical,708,932,10473.293984161317,14.7927881132222,0.759656652360515
Plant_C,Rubber,853,1146,12773.523015374318,14.974821823416551,0.7443280977312391
Plant_B,Chemical,680,871,8176.7679871889495,12.024658804689631,0.7807118254879449
Plant_B,Chemical,862,1031,8904.381996941338,10.329909509212689,0.8360814742967992
Plant_C,Rubber,313,528,5404.326100791226,17.266217574412863,0.5928030303030303
Plant_B,Rubber,948,1178,8984.57258236554,9.477397238782215,0.8047538200339559
Plant_A,Rubber,777,887,10619.282757138752,13.667030575468148,0.8759864712514093
Plant_A,Polymer,560,773,9422.589727054488,16.826053084025872,0.7244501940491591
Plant_A,Rubber,540,757,7722.905129891702,14.301676166466114,0.71334214002642
Plant_C,Chemical,969,1227,11054.29781413256,11.407944080632157,0.7897310513447433
Plant_B,Rubber,960,1039,13253.211025771814,13.80542815184564,0.9239653512993262
Plant_A,Chemical,648,706,9729.611858698538,15.014833115275522,0.9178470254957507
Plant_C,Polymer,379,492,6207.637596874384,16.378991020776738,0.7703252032520326
Plant_B,Chemical,901,1111,15202.689111294501,16.873128869361267,0.810981098109811
Plant_C,Chemical,606,775,5710.220099182577,9.42280544419567,0.7819354838709678
Plant_A,Rubber,865,966,11151.625306873255,12.892052377888156,0.8954451345755694
Plant_A,Rubber,395,533,6152.706582793195,15.576472361501759,0.7410881801125704
Plant_A,Chemical,665,856,11141.624076385586,16.75432191937682,0.7768691588785047
Plant_C,Rubber,510,762,5345.229906530838,10.480842953982036,0.6692913385826772
Plant_C,Polymer,461,563,7086.300149488456,15.371583838369752,0.8188277087033747
Plant_A,Polymer,618,894,8963.713315938168,14.50439047886435,0.6912751677852349
Plant_C,Rubber,605,887,7096.345616699317,11.72949688710631,0.6820744081172492
Plant_A,Polymer,342,578,4290.1288494897835,12.54423640201691,0.5916955017301038
Plant_A,Rubber,541,668,8768.035591007632,16.207089817019654,0.8098802395209581
Plant_B,Chemical,515,786,5688.571683970998,11.045770260137859,0.6552162849872774
Plant_C,Chemical,300,390,4142.412977317494,13.808043257724979,0.7692307692307693
Plant_A,Polymer,443,688,5738.342075010866,12.953368115148683,0.6438953488372093
Plant_A,Rubber,689,806,10456.880924485064,15.17689539112491,0.8548387096774194
Plant_C,Rubber,211,480,4039.5761398719314,19.144910615506785,0.4395833333333333
Plant_B,Polymer,438,495,7654.773657738728,17.4766521866181,0.8848484848484849
Plant_B,Chemical,760,811,9052.730616261331,11.911487652975437,0.93711467324291
Plant_A,Polymer,241,395,3713.0124630776677,15.406690718164596,0.610126582278481
Plant_C,Chemical,877,1051,11249.822795131684,12.82762006286395,0.8344433872502379
Plant_B,Rubber,793,952,11869.302973169062,14.967595174235893,0.832983193277311
Plant_C,Chemical,628,763,10048.770807387178,16.001227400298056,0.8230668414154653
Plant_C,Polymer,357,575,3999.0631440347133,11.201857546315724,0.6208695652173913
Plant_A,Rubber,415,584,6797.573690115811,16.37969563883328,0.7106164383561644
Plant_B,Polymer,869,1045,7852.3378142940655,9.036061926690524,0.8315789473684211
Plant_A,Polymer,661,893,8379.578099652026,12.677122692363126,0.7402015677491601
Plant_B,Chemical,333,398,4422.337735816677,13.280293500950982,0.8366834170854272
Plant_B,Polymer,266,536,4244.963566517197,15.958509648560891,0.4962686567164179
Plant_B,Chemical,206,317,2947.119176413022,14.306403768995253,0.6498422712933754
Plant_B,Rubber,725,887,10415.315900811149,14.365952966636067,0.8173618940248027
Plant_B,Chemical,272,497,3701.773341543786,13.609460814499213,0.5472837022132797
Plant_C,Rubber,598,805,9680.207388991188,16.187637774232755,0.7428571428571429
Plant_A,Chemical,604,665,8385.876702606247,13.883901825507031,0.9082706766917293
Plant_C,Polymer,874,958,8356.115685918317,9.560773096016382,0.9123173277661796
Plant_B,Chemical,777,837,11323.86041421592,14.573822926918815,0.9283154121863799
Plant_A,Chemical,329,442,4407.057379636349,13.395311184305012,0.744343891402715
Plant_B,Rubber,665,952,8195.32720230479,12.32380030421773,0.6985294117647058
Plant_A,Polymer,405,504,6691.809173871647,16.522985614497895,0.8035714285714286
Plant_C,Chemical,987,1249,11932.03661656288,12.089196166730375,0.7902321857485989
Plant_A,Polymer,967,1165,9628.666502823944,9.957255949145754,0.8300429184549356
Plant_A,Chemical,465,583,6673.638678900733,14.351911137420931,0.7975986277873071
Plant_A,Chemical,736,833,11849.287341352263,16.099575192054704,0.8835534213685474
Plant_A,Polymer,992,1061,13126.67911090448,13.232539426315,0.9349670122525919
Plant_A,Chemical,452,602,7347.48644747943,16.25550098999874,0.7508305647840532
Plant_B,Polymer,488,732,7104.587594538509,14.558581136349403,0.6666666666666666
Plant_A,Chemical,363,584,4916.545262939628,13.544201826279966,0.6215753424657534
Plant_A,Rubber,294,504,4118.897005295141,14.009853759507282,0.5833333333333334
Plant_C,Polymer,981,1275,13626.548047570916,13.890466919032534,0.7694117647058824
Plant_A,Chemical,309,559,4680.142270639129,15.146091490741517,0.552772808586762
Plant_C,Chemical,535,773,6054.860908351871,11.317497024956769,0.6921086675291074
Plant_B,Rubber,437,623,6323.891643742268,14.47114792618368,0.7014446227929374
Plant_A,Polymer,580,697,8359.916744883365,14.413649560143734,0.8321377331420373
Plant_C,Chemical,635,719,11128.466209350072,17.525143636771766,0.8831710709318498
Plant_C,Rubber,682,940,7267.391600991562,10.65599941494364,0.725531914893617
Plant_B,Chemical,224,499,3972.0337345653998,17.732293457881248,0.44889779559118237
Plant_A,Polymer,852,1117,9684.883281587576,11.367233898576966,0.7627573858549687
Plant_A,Chemical,316,589,5609.295800875586,17.75093607872021,0.5365025466893039
Plant_C,Chemical,681,795,7189.639625763138,10.557473752956149,0.8566037735849057
Plant_A,Chemical,591,648,7826.782300819656,13.243286465007877,0.9120370370370371
Plant_C,Chemical,736,830,10806.369155672128,14.682566787598,0.8867469879518072
Plant_A,Rubber,278,414,4736.2925980768105,17.037023734089246,0.6714975845410628
Plant_C,Rubber,779,1003,9532.56625823574,12.236927160764749,0.7766699900299102
Plant_A,Polymer,372,589,5224.696658375683,14.044883490257213,0.631578947368421
Plant_B,Rubber,211,336,4051.135275145264,19.199693247133954,0.6279761904761905
Plant_A,Rubber,999,1230,10642.376475277835,10.653029504782618,0.8121951219512196
Plant_A,Polymer,327,452,4987.656654830027,15.252772644740144,0.7234513274336283
Plant_B,Rubber,807,1030,10718.322732132514,13.28168863956941,0.7834951456310679
Plant_A,Rubber,291,387,4609.9130801297615,15.84162570491327,0.751937984496124
Plant_B,Polymer,852,916,9864.707408392218,11.578295080272555,0.9301310043668122
Plant_A,Polymer,742,896,11016.466045822945,14.84698928008483,0.828125
Plant_C,Polymer,731,927,11328.30612231755,15.496998799340014,0.7885652642934197
Plant_C,Chemical,857,932,12204.790203324996,14.24129545312135,0.9195278969957081
Plant_A,Chemical,646,747,6076.309438695826,9.406051762687039,0.8647925033467202
Plant_A,Polymer,589,731,6858.501304464611,11.64431460859866,0.8057455540355677
Plant_A,Polymer,871,1070,14756.77149835338,16.942332374688153,0.814018691588785
Plant_C,Polymer,242,523,3380.7117920457904,13.969883438205745,0.4627151051625239
Plant_A,Chemical,453,523,4731.42224729622,10.444640722508213,0.8661567877629063
Plant_C,Chemical,329,429,5659.644729994389,17.202567568372004,0.7668997668997669
Plant_B,Rubber,259,346,4082.2147464206323,15.761446897376958,0.7485549132947977
Plant_C,Rubber,862,931,12607.42165935447,14.62577918718616,0.9258861439312567
Plant_C,Polymer,666,964,7228.892142108073,10.854192405567677,0.6908713692946058
Plant_B,Chemical,486,692,4628.339342266681,9.523331979972596,0.7023121387283237
Plant_C,Chemical,716,944,12533.384364356738,17.504726765861367,0.7584745762711864
Plant_A,Chemical,666,847,8008.421726416927,12.024657246872263,0.7863046044864227
Plant_A,Polymer,977,1081,14209.6746206348,14.544191013955782,0.9037927844588344
Plant_C,Rubber,544,792,8029.340610525403,14.75981729875993,0.6868686868686869
Plant_A,Polymer,841,982,11833.83928862784,14.071152542958192,0.8564154786150713
Plant_C,Rubber,581,658,7311.957113229804,12.585124119156289,0.8829787234042553
Plant_A,Rubber,978,1031,11084.650133453215,11.333998091465455,0.9485935984481086
Plant_A,Polymer,889,1088,12355.088412565505,13.89773724698032,0.8170955882352942
Plant_C,Rubber,452,577,7719.36534444104,17.078241912480177,0.7833622183708839
Plant_A,Rubber,255,477,4873.51326008226,19.11181670620494,0.5345911949685535
Plant_C,Chemical,662,778,6700.651539177833,10.121830119603977,0.8508997429305912
Plant_A,Rubber,656,791,7611.844985418533,11.603422233869715,0.8293299620733249
Plant_A,Polymer,282,567,4960.318019842578,17.589780212207724,0.4973544973544973
Plant_B,Polymer,298,541,5458.943945537998,18.318603844087242,0.5508317929759704
Plant_B,Rubber,348,613,5784.972191259318,16.62348330821643,0.567699836867863
Plant_C,Chemical,528,739,6410.925470695909,12.141904300560434,0.7144790257104194
Plant_B,Chemical,355,495,5920.768290400407,16.678220536339175,0.7171717171717171
Plant_C,Rubber,389,621,5849.273948958589,15.036693956191746,0.6264090177133655
Plant_B,Rubber,693,847,9433.137707595228,13.612031324091237,0.8181818181818182
Plant_A,Polymer,462,512,5712.4231827541635,12.36455234362373,0.90234375
Plant_C,Rubber,279,400,3671.061674379664,13.157927148314208,0.6975
Plant_C,Chemical,599,735,9010.378565518879,15.042368222902969,0.8149659863945579
Plant_A,Rubber,963,1178,9977.65270746288,10.361010080439128,0.8174872665534805
Plant_C,Polymer,808,863,10611.864904746657,13.133496169240912,0.936268829663963
Plant_C,Polymer,459,722,7760.685770389384,16.907812135924583,0.6357340720221607
Plant_B,Polymer,971,1173,11698.035608894912,12.047410513794967,0.8277919863597613
Plant_C,Polymer,814,1073,13190.478879542252,16.204519508037166,0.7586206896551724
Plant_A,Polymer,751,945,7997.115221527581,10.648622132526738,0.7947089947089947
Plant_B,Rubber,984,1094,13701.913311305629,13.924708649700841,0.8994515539305301
Plant_B,Rubber,300,361,4972.238226462803,16.574127421542677,0.8310249307479224
Plant_A,Rubber,558,613,5484.392532016949,9.828660451643279,0.9102773246329527
Plant_A,Rubber,579,846,5553.6081125489845,9.59172385587044,0.6843971631205674
Plant_B,Polymer,420,496,5176.511771571498,12.325028027551186,0.8467741935483871
Plant_C,Chemical,619,804,6800.409207133951,10.986121497793135,0.7699004975124378
Plant_B,Rubber,323,583,5415.694549820393,16.766856191394407,0.5540308747855918
Plant_A,Chemical,621,794,10265.76084584172,16.531015854817586,0.7821158690176322
Plant_B,Rubber,430,585,5508.373906697858,12.81017187604153,0.7350427350427351
Plant_A,Rubber,889,1131,9665.860593288233,10.8727340756898,0.7860300618921309
Plant_B,Chemical,262,496,4388.43239933721,16.74974198220309,0.5282258064516129
Plant_C,Polymer,684,826,10883.822237311404,15.912020814782755,0.8280871670702179
Plant_B,Rubber,827,985,7244.039701792081,8.759419228285466,0.8395939086294416
Plant_B,Rubber,902,1192,12773.388970889277,14.161185111850639,0.7567114093959731
Plant_A,Rubber,773,921,10867.84310889242,14.059305444880234,0.8393051031487514
Plant_A,Chemical,967,1184,13398.391093372022,13.855626777013466,0.816722972972973
Plant_A,Polymer,682,873,7861.831212640348,11.527611748739513,0.7812142038946163
Plant_B,Chemical,718,802,9936.92011655474,13.839721610800474,0.8952618453865336
Plant_C,Chemical,354,579,3693.283380734383,10.433003900379614,0.6113989637305699
Plant_A,Polymer,291,577,4135.2816838715025,14.210589978939872,0.5043327556325823
Plant_A,Chemical,725,858,11264.598343924834,15.537377026103218,0.844988344988345
Plant_B,Polymer,654,759,10489.776683892742,16.039413889744253,0.8616600790513834
Plant_A,Rubber,940,1166,8720.331551433861,9.276948458972193,0.8061749571183533
Plant_C,Polymer,797,987,8476.613344657078,10.635650369707752,0.8074974670719351
Plant_C,Rubber,844,1082,9590.791751776671,11.363497336228283,0.7800369685767098
Plant_A,Chemical,709,988,7956.0419382090095,11.221497797191832,0.7176113360323887
Plant_A,Chemical,382,480,5006.1802867622555,13.10518399675983,0.7958333333333333
Plant_B,Rubber,585,680,6482.794359324708,11.081699759529416,0.8602941176470589
Plant_C,Chemical,773,935,10517.723302108501,13.606369084228334,0.8267379679144385
Plant_C,Polymer,930,1169,13898.38171306045,14.944496465656398,0.795551753635586
Plant_A,Rubber,604,789,8911.803333914408,14.754641281315244,0.7655259822560203
Plant_B,Chemical,445,537,7175.445021275734,16.124595553428616,0.8286778398510242
Plant_C,Rubber,941,1138,9981.416605066337,10.607244001133196,0.8268892794376098
Plant_C,Polymer,790,963,12525.479773522438,15.855037688003087,0.8203530633437176
Plant_B,Polymer,860,1006,12429.388981029291,14.452777884917781,0.8548707753479126
Plant_B,Chemical,849,988,12484.583601917022,14.705045467511216,0.8593117408906883
Plant_C,Polymer,670,758,10046.631115086006,14.994971813561202,0.8839050131926122
Plant_C,Rubber,622,756,10529.77343008104,16.928896189840902,0.8227513227513228
Plant_B,Polymer,264,558,4568.3487290264065,17.304351246312144,0.4731182795698925
Plant_C,Rubber,212,438,3383.410588572643,15.959483908361523,0.4840182648401826
Plant_A,Rubber,412,653,5599.1690898609095,13.59021623752648,0.6309341500765697
Plant_A,Polymer,441,552,7414.442252628899,16.812794223648297,0.7989130434782609
Plant_B,Chemical,692,847,10095.767472135138,14.589259352796441,0.8170011806375442
Plant_B,Polymer,412,568,6297.442969207229,15.285055750502982,0.7253521126760564
Plant_B,Rubber,892,995,8898.32388627209,9.97569942407185,0.8964824120603015
Plant_A,Rubber,537,712,6705.109923700712,12.48623821918196,0.7542134831460674
Plant_C,Polymer,372,654,6075.540649094744,16.332098519071895,0.5688073394495413
Plant_A,Chemical,871,929,11173.013349281748,12.827799482527839,0.93756727664155
Plant_C,Chemical,363,500,6019.178967481103,16.581760240994775,0.726
Plant_A,Rubber,664,750,8439.227447970772,12.709679891522248,0.8853333333333333
Plant_C,Rubber,696,794,8837.765207980021,12.697938517212673,0.8765743073047859
Plant_A,Chemical,899,989,13481.56411133162,14.996178099367764,0.9089989888776542
Plant_B,Polymer,594,660,8626.194176948942,14.522212419105964,0.9
Plant_A,Rubber,902,1039,13780.970487071967,15.278237790545418,0.8681424446583254
Plant_C,Rubber,507,577,7338.20323248221,14.4737736340872,0.878682842287695
Plant_A,Chemical,967,1067,12679.471361935364,13.112173073356116,0.9062792877225867
Plant_A,Polymer,382,490,4220.223848047411,11.047706408501075,0.7795918367346939
Plant_A,Chemical,828,1044,12281.056541143995,14.832193890270526,0.7931034482758621
Plant_B,Polymer,993,1225,11951.151134551204,12.035398927040488,0.8106122448979591
Plant_A,Polymer,709,799,8750.075387452973,12.341432140272175,0.8873591989987485
Plant_B,Polymer,907,995,11897.89364342291,13.117854072131104,0.9115577889447236
Plant_B,Rubber,745,935,12153.152551102703,16.31295644443316,0.7967914438502673
Plant_A,Chemical,763,1004,8222.584000375617,10.77665006602309,0.7599601593625498
Plant_A,Chemical,823,883,13271.793259764992,16.12611574698055,0.9320498301245753
Plant_A,Polymer,963,1250,11023.571973208527,11.447115236976664,0.7704
Plant_C,Rubber,793,989,10079.888883574746,12.711083081430953,0.8018200202224469
Plant_A,Rubber,943,1131,8316.234461477696,8.818912472404767,0.8337754199823165
Plant_B,Chemical,426,552,5629.028606415821,13.213682174685026,0.7717391304347826
Plant_A,Rubber,944,1120,11943.355869747995,12.651860031512706,0.8428571428571429
Plant_C,Rubber,932,1027,9233.195649940059,9.90686228534341,0.9074975657254138
Plant_A,Polymer,635,729,8346.010038922988,13.143322895941713,0.8710562414266118
Plant_C,Rubber,621,671,9858.598588823133,15.875360046414064,0.9254843517138599
Plant_C,Polymer,753,970,7221.975565488806,9.59093700596123,0.7762886597938145
Plant_A,Chemical,220,377,3909.6163881196208,17.77098358236191,0.583554376657825
Plant_B,Rubber,753,821,8828.343373776486,11.724227588016582,0.9171741778319124
Plant_C,Chemical,596,721,8266.730163231514,13.870352622871668,0.826629680998613
Plant_A,Chemical,824,945,10074.048935048122,12.225787542534128,0.8719576719576719
Plant_A,Rubber,304,553,3937.554870047938,12.952483125157691,0.5497287522603979
Plant_B,Rubber,391,629,4864.993825017871,12.442439450173584,0.6216216216216216
Plant_C,Chemical,216,510,3645.0116149182577,16.87505377276971,0.4235294117647059
Plant_C,Rubber,319,477,4959.902442780507,15.548283519688109,0.6687631027253669
Plant_A,Polymer,592,653,8862.596805411307,14.970602711843425,0.9065849923430321
Plant_A,Polymer,624,862,10561.9353240987,16.92617840400433,0.7238979118329466
Plant_B,Rubber,328,617,5483.644110622321,16.718427166531466,0.5316045380875203
Plant_B,Chemical,329,539,5168.480251811874,15.709666418881076,0.6103896103896104
Plant_C,Rubber,771,865,7868.056348321563,10.205001748795802,0.8913294797687862
Plant_C,Rubber,759,898,9117.213796180855,12.012139388907583,0.8452115812917594
Plant_A,Chemical,228,380,3841.739306897309,16.849733802181177,0.6
Plant_C,Chemical,296,565,3858.769944910048,13.036384949020432,0.5238938053097345
Plant_B,Polymer,209,508,3125.268166360268,14.953436202680708,0.41141732283464566
Plant_B,Chemical,441,687,6629.849011231812,15.03367122728302,0.6419213973799127
Plant_A,Polymer,431,488,5217.213780374386,12.104904362817601,0.8831967213114754
Plant_B,Chemical,988,1190,11718.544584165187,11.860875085187436,0.8302521008403362
Plant_B,Rubber,483,623,8205.479668604925,16.98857074245326,0.7752808988764045
Plant_B,Polymer,914,1137,13912.812888141027,15.22189593888515,0.8038698328935796
Plant_B,Polymer,958,1094,11358.287013240475,11.856249491900288,0.8756855575868373
Plant_A,Polymer,975,1182,15845.895261783491,16.252200268495887,0.8248730964467005
Plant_A,Rubber,925,1211,14819.415723038412,16.020989970852337,0.763831544178365
Plant_C,Rubber,399,623,5699.96570418426,14.285628331288873,0.6404494382022472
Plant_B,Rubber,278,542,4342.47005340004,15.620395875539714,0.5129151291512916
Plant_C,Rubber,372,598,5072.631245207305,13.6361054978691,0.6220735785953178
Plant_A,Rubber,666,890,10254.0396953361,15.396455999003152,0.748314606741573
Plant_A,Polymer,780,913,11951.516183472422,15.322456645477464,0.8543263964950711
Plant_A,Rubber,615,746,6526.105638428782,10.611553883624037,0.824396782841823
Plant_A,Polymer,648,843,8391.08556812213,12.949206123645261,0.7686832740213523
Plant_A,Rubber,286,529,5170.7881176338515,18.079678732985496,0.5406427221172023
Plant_A,Chemical,300,417,4250.946767417483,14.169822558058277,0.7194244604316546
Plant_A,Polymer,207,478,2625.232270288273,12.682281498977163,0.4330543933054393
Plant_B,Chemical,399,609,7535.8951630841475,18.886955295950244,0.6551724137931034
Plant_C,Polymer,704,880,9630.031017673025,13.679021331921911,0.8
Plant_A,Chemical,286,499,5183.229171614094,18.123178921727604,0.5731462925851704
Plant_B,Rubber,242,373,4769.092282407959,19.706992902512226,0.6487935656836461
Plant_B,Rubber,584,862,9043.340361146702,15.485171851278599,0.6774941995359629
Plant_C,Rubber,820,1016,9710.117086722794,11.841606203320481,0.8070866141732284
Plant_A,Polymer,634,922,8367.146869763883,13.197392539059752,0.6876355748373102
Plant_C,Chemical,607,812,6195.6177517943415,10.206948520254269,0.7475369458128078
Plant_A,Rubber,682,899,10050.364748834127,14.7366052035691,0.7586206896551724
Plant_B,Chemical,863,996,9303.386249372476,10.78028534110368,0.8664658634538153
Plant_B,Chemical,216,378,3627.8629689064737,16.795661893085526,0.5714285714285714
Plant_B,Rubber,844,1118,9565.127146502835,11.3330890361408,0.7549194991055456
Plant_B,Rubber,347,472,4791.633361148359,13.808741674779132,0.7351694915254238
Plant_C,Chemical,476,647,4921.096360926224,10.338437733038287,0.7357032457496137
Plant_A,Rubber,431,723,4701.205187277998,10.907668647976795,0.5961272475795297
Plant_A,Rubber,565,757,8896.580806764747,15.746160719937604,0.7463672391017173
Plant_C,Rubber,427,517,6483.614626240025,15.184109194941511,0.8259187620889749
Plant_A,Polymer,850,1066,10825.509789923619,12.735893870498375,0.797373358348968
Plant_B,Chemical,635,686,7217.714505175257,11.366479535709066,0.9256559766763849
Plant_A,Chemical,598,838,6980.661396985353,11.67334681770126,0.7136038186157518
Plant_B,Polymer,410,488,5049.786764129363,12.316553083242349,0.8401639344262295
Plant_C,Chemical,590,744,6779.235299515737,11.490229321213114,0.793010752688172
Plant_A,Rubber,698,949,11532.052720563528,16.521565502240012,0.7355110642781876
Plant_C,Chemical,739,982,8208.703787434497,11.107853568923542,0.7525458248472505
Plant_A,Rubber,762,862,9447.131551524766,12.397810435071872,0.8839907192575406
Plant_B,Polymer,690,814,7228.091076736175,10.475494314110398,0.8476658476658476
Plant_C,Rubber,641,895,6910.639379091381,10.781028672529455,0.7162011173184357
Plant_A,Chemical,460,519,6904.510528728146,15.0098054972351,0.8863198458574181
Plant_B,Chemical,972,1163,13245.846211806054,13.627413798154377,0.8357695614789338
Plant_C,Chemical,549,808,6372.821316271135,11.608053399400974,0.6794554455445545
Plant_C,Polymer,551,651,6497.681723249222,11.79252581351946,0.8463901689708141
Plant_A,Polymer,719,886,8251.469607058298,11.476313778940609,0.8115124153498872
Plant_A,Chemical,519,769,5976.520573449616,11.515453898746852,0.6749024707412223
Plant_A,Rubber,337,507,3799.2498015655724,11.273738283577366,0.6646942800788954
Plant_B,Polymer,749,837,12674.351648959087,16.921697795673015,0.8948626045400239
Plant_A,Chemical,822,899,11675.354177187306,14.20359388952227,0.914349276974416
Plant_C,Chemical,567,619,7743.278869054525,13.65657648863232,0.9159935379644588
Plant_C,Polymer,419,552,6084.9627319445135,14.522584085786429,0.7590579710144928
Plant_A,Polymer,536,783,6991.304978323826,13.043479437171317,0.6845466155810983
Plant_A,Polymer,422,626,6608.214068471341,15.65927504377095,0.6741214057507987
Plant_C,Rubber,847,1013,12086.40782002214,14.269666847723895,0.8361303060217177
Plant_B,Rubber,967,1018,13607.2465168023,14.071609634749018,0.949901768172888
Plant_A,Chemical,559,701,7045.933134083875,12.60453154576722,0.797432239657632
Plant_A,Polymer,528,743,6948.735381511263,13.160483677104665,0.7106325706594886
Plant_C,Rubber,662,842,7885.6848223828765,11.91191060782912,0.7862232779097387
Plant_A,Polymer,760,953,12088.018130442311,15.905287013739883,0.7974816369359916
Plant_B,Chemical,581,724,9169.963471021405,15.783069657523933,0.8024861878453039
Plant_C,Rubber,789,878,10319.778779406246,13.07956752776457,0.8986332574031891
Plant_A,Rubber,816,867,7780.189341569149,9.534545761726898,0.9411764705882353
Plant_C,Rubber,368,498,5513.081103861459,14.981198651797444,0.7389558232931727
Plant_A,Chemical,416,634,4928.195254820177,11.846623208702349,0.6561514195583596
Plant_A,Polymer,577,638,6720.861868658393,11.647940846894961,0.9043887147335423
Plant_A,Rubber,318,530,4349.119540761441,13.676476543274973,0.6
Plant_B,Chemical,389,673,6993.140624362658,17.977225255430998,0.5780089153046062
Plant_B,Polymer,966,1080,10300.28600773223,10.66282195417415,0.8944444444444445
Plant_C,Chemical,569,673,7144.868718503227,12.556887027246445,0.8454680534918276
Plant_A,Polymer,977,1071,15042.576054386527,15.39670015802101,0.9122315592903828
Plant_A,Chemical,348,604,3954.4339775526937,11.363316027450269,0.5761589403973509
Plant_B,Polymer,875,1142,11935.21641888686,13.640247335870697,0.7661996497373029
Plant_A,Rubber,851,1001,10427.83976884802,12.253630750702726,0.8501498501498501
Plant_B,Polymer,687,949,6664.0701305261755,9.7002476426873,0.7239199157007377
Plant_A,Chemical,969,1080,14618.813693760101,15.086495040000104,0.8972222222222223
Plant_C,Chemical,573,671,6023.993261624544,10.513077245418053,0.8539493293591655
Plant_A,Polymer,980,1156,12565.73964711367,12.822183313381297,0.8477508650519031
Plant_A,Rubber,892,1164,11229.044708794985,12.588615144388998,0.7663230240549829
Plant_B,Rubber,359,561,6171.820701055799,17.191701117147073,0.6399286987522281
Plant_A,Polymer,550,622,8961.987702154425,16.29452309482623,0.8842443729903537
Plant_A,Polymer,487,688,6232.553634668015,12.797851405889148,0.7078488372093024
Plant_B,Chemical,487,785,5861.86654291687,12.036686946441211,0.6203821656050955
Plant_C,Rubber,425,512,6279.3933670608085,14.775043216613668,0.830078125
Plant_C,Polymer,722,799,9699.332737323191,13.433978860558437,0.9036295369211514
Plant_B,Rubber,721,791,11390.596149005156,15.79833030375195,0.911504424778761
Plant_B,Polymer,982,1213,14874.828577711152,15.1474832766916,0.809563066776587
Plant_B,Polymer,472,628,7664.54232700473,16.2384371334846,0.7515923566878981
Plant_B,Rubber,601,796,7855.919848583317,13.071414057542956,0.7550251256281407
Plant_B,Polymer,382,595,4638.358364293407,12.142299382967035,0.6420168067226891
Plant_C,Polymer,864,1012,12786.957685116022,14.799719542958359,0.8537549407114624
Plant_C,Chemical,687,909,8410.264612215915,12.242015447184738,0.7557755775577558
Plant_B,Polymer,323,491,4600.311320806492,14.242449909617623,0.6578411405295316
Plant_A,Polymer,825,947,12350.721366209398,14.97057135298109,0.8711721224920802
Plant_B,Polymer,989,1219,14609.80998482176,14.772305343601376,0.8113207547169812
Plant_A,Chemical,613,892,8233.484370323322,13.431459005421406,0.6872197309417041
Plant_B,Rubber,924,1095,9274.470435318806,10.037305665929445,0.8438356164383561
Plant_B,Chemical,371,450,5783.053947435029,15.587746489043205,0.8244444444444444
Plant_C,Chemical,487,724,8000.732299734537,16.428608418346073,0.6726519337016574
Plant_A,Rubber,634,791,10092.294419273332,15.918445456267085,0.8015170670037927
Plant_A,Chemical,885,1032,10045.031462062087,11.350318036228346,0.8575581395348837
Plant_C,Rubber,312,393,3952.688708444324,12.66887406552668,0.7938931297709924
Plant_C,Chemical,321,565,5158.326895136276,16.06955419045569,0.5681415929203539
Plant_C,Rubber,743,987,9318.070928099001,12.541145259890984,0.7527862208713273
Plant_C,Polymer,421,626,6826.597379829003,16.215195676553453,0.6725239616613419
Plant_A,Chemical,830,1051,13358.931306262239,16.095097959352096,0.7897240723120837
Plant_A,Chemical,238,366,2959.3855395547953,12.434393023339476,0.6502732240437158
Plant_B,Chemical,696,786,9441.80951783364,13.565818272749484,0.8854961832061069
Plant_B,Chemical,979,1091,9067.0127438086,9.261504334840245,0.8973418881759854
Plant_C,Polymer,432,504,5740.575266195425,13.28836867174867,0.8571428571428571
Plant_C,Chemical,729,882,11327.385360364455,15.538251523133683,0.826530612244898
Plant_C,Polymer,348,472,4460.861466747128,12.818567433181403,0.7372881355932204
Plant_B,Polymer,596,693,10837.59766402086,18.183888698021576,0.86002886002886
Plant_B,Polymer,860,1069,11878.23732154634,13.811903862263186,0.804490177736202
Plant_B,Polymer,837,1136,9957.624929719546,11.896803978159554,0.7367957746478874
Plant_B,Rubber,501,607,6522.588426356456,13.019138575561788,0.8253706754530478
Plant_B,Rubber,559,726,6463.86698587992,11.563268311055314,0.7699724517906336
Plant_B,Chemical,437,586,5850.837601030153,13.388644395950006,0.7457337883959044
Plant_B,Rubber,846,1019,8620.062089773792,10.189198687675876,0.830225711481845
Plant_C,Rubber,862,1072,10868.990078518584,12.609037214058683,0.8041044776119403
Plant_C,Chemical,435,636,6568.810632679841,15.100714098114576,0.6839622641509434
Plant_C,Chemical,935,1151,13125.922462973076,14.038419746495268,0.8123370981754996
Plant_C,Chemical,402,485,6975.3570243454105,17.35163438891893,0.8288659793814434
Plant_B,Rubber,455,688,6583.937374051162,14.470192030881675,0.6613372093023255
Plant_A,Rubber,797,1002,8235.361409122715,10.332950325122605,0.7954091816367266
Plant_B,Chemical,861,1075,10156.291791678817,11.795925425875513,0.8009302325581396
Plant_A,Polymer,434,490,6247.927152992703,14.39614551380807,0.8857142857142857
Plant_C,Chemical,544,789,7778.130610334154,14.298034210173077,0.6894803548795945
Plant_B,Polymer,733,947,6451.69172182128,8.80176223986532,0.7740232312565998
Plant_C,Polymer,996,1101,14685.070884743398,14.74404707303554,0.9046321525885559
Plant_B,Chemical,980,1094,14415.898621568225,14.71010063425329,0.8957952468007313
Plant_C,Chemical,665,907,9243.859042599484,13.900539913683435,0.7331863285556781
Plant_A,Chemical,969,1065,10106.726611113292,10.43005842220154,0.9098591549295775
Plant_A,Rubber,740,937,11398.92398752008,15.403951334486594,0.7897545357524013
Plant_A,Polymer,412,480,6201.34691384611,15.051812897684732,0.8583333333333333
Plant_B,Rubber,662,868,10634.115088548817,16.063617958532955,0.7626728110599078
Plant_A,Rubber,635,886,10347.314612631122,16.294983641938774,0.7167042889390519
Plant_B,Chemical,482,719,7098.4282138091785,14.727029489230661,0.6703755215577191
Plant_A,Rubber,761,956,10821.210878121496,14.2197252012109,0.7960251046025104
Plant_A,Chemical,806,1075,7868.909140243331,9.762914566058724,0.7497674418604651
Plant_B,Polymer,662,874,10127.723900544619,15.298676586925406,0.7574370709382151
Plant_B,Chemical,606,826,8400.551925017578,13.862296905969602,0.7336561743341404
Plant_A,Rubber,287,575,4485.456139713774,15.628767037330224,0.4991304347826087
Plant_B,Rubber,243,515,3392.7510508630535,13.961938480917915,0.47184466019417476
Plant_A,Chemical,660,928,7646.720292710757,11.585939837440542,0.7112068965517241
Plant_B,Chemical,477,652,7860.50514553055,16.479046426688786,0.7315950920245399
Plant_C,Rubber,882,1070,12268.211040067134,13.909536326606727,0.8242990654205608
Plant_C,Polymer,620,718,10300.903350447477,16.61436024265722,0.8635097493036211
Plant_C,Polymer,900,1062,13833.511437498712,15.370568263887458,0.847457627118644
Plant_C,Chemical,552,639,7798.231151267404,14.127230346498921,0.863849765258216
Plant_C,Polymer,895,1008,12082.64076392587,13.500157278129464,0.8878968253968254
Plant_A,Rubber,714,832,11319.727382751393,15.853959919819879,0.8581730769230769
Plant_C,Chemical,902,1087,11443.129914561565,12.686396801066037,0.8298068077276909
Plant_C,Rubber,829,1040,12032.498231798043,14.514473138477737,0.7971153846153847
Plant_C,Rubber,218,443,3722.2946850467747,17.074746261682453,0.49209932279909707
Plant_C,Polymer,222,387,3894.4742712048665,17.542676897319218,0.5736434108527132
Plant_B,Chemical,612,845,8994.69956103608,14.697221504960913,0.7242603550295857
Plant_A,Chemical,229,482,3965.996192069809,17.3187606640603,0.475103734439834
Plant_C,Polymer,307,586,4222.674771129776,13.75464094830546,0.5238907849829352
Plant_C,Rubber,566,680,7510.280277010159,13.269046425813002,0.8323529411764706
Plant_C,Rubber,480,560,6098.630298930451,12.70547978943844,0.8571428571428571
Plant_A,Rubber,327,508,4784.543235995507,14.631630691117758,0.6437007874015748
Plant_B,Rubber,428,590,6094.697615059428,14.239947698736982,0.7254237288135593
Plant_A,Chemical,310,468,5571.221177450768,17.97168121758312,0.6623931623931624
Plant_B,Chemical,335,562,5805.9736614915,17.331264661168657,0.5960854092526691
Plant_C,Polymer,561,679,6537.634072780041,11.653536671622176,0.8262150220913107
Plant_C,Polymer,385,592,4695.072926792263,12.19499461504484,0.6503378378378378
Plant_A,Chemical,855,1024,11837.225987772606,13.84470875762878,0.8349609375
Plant_A,Chemical,783,920,9800.596212016755,12.516725685845154,0.8510869565217392
Plant_B,Rubber,328,564,5868.3353275844,17.891266242635368,0.5815602836879432
Plant_B,Rubber,460,576,6580.882271943818,14.306265808573517,0.7986111111111112
Plant_A,Polymer,714,838,10280.995415835474,14.399153243467051,0.8520286396181385
Plant_B,Chemical,648,742,7824.086214374241,12.074207120947902,0.8733153638814016
Plant_A,Polymer,303,356,5538.031678565385,18.27733227249302,0.851123595505618
Plant_B,Chemical,682,885,8001.733971310826,11.732747758520272,0.7706214689265537
Plant_A,Rubber,423,627,7004.7407056317825,16.559670698893104,0.6746411483253588
Plant_A,Polymer,690,913,10093.47074484575,14.628218470790943,0.755750273822563
Plant_A,Polymer,672,967,7522.662097939212,11.194437645742875,0.6949327817993796
Plant_B,Chemical,209,365,3229.046411736527,15.449982831275248,0.5726027397260274
Plant_B,Rubber,604,845,6384.2877392805385,10.570012813378375,0.714792899408284
Plant_B,Polymer,501,769,7220.794419430128,14.412763312235784,0.6514954486345904
Plant_A,Rubber,430,713,4901.774918861067,11.399476555490853,0.603085553997195
Plant_B,Polymer,930,1030,12395.48484675392,13.328478329842925,0.9029126213592233
Plant_B,Rubber,265,364,3187.6232833771346,12.028767107083526,0.728021978021978
Plant_A,Chemical,311,366,5025.796554209899,16.160117537652408,0.8497267759562842
Plant_C,Polymer,212,320,4172.9317278262115,19.683640225595337,0.6625
Plant_A,Polymer,592,766,9185.078035040931,15.515334518650223,0.7728459530026109
Plant_B,Rubber,699,891,10389.021712848877,14.862692006936877,0.7845117845117845
Plant_A,Rubber,797,1091,9182.023213463204,11.520731760932502,0.7305224564619615
Plant_C,Polymer,433,512,4449.8848129408325,10.276870237738644,0.845703125
Plant_A,Chemical,801,1020,11585.551197000832,14.463859172285682,0.7852941176470588
Plant_B,Rubber,513,791,6019.796970170347,11.73449701787592,0.6485461441213654
Plant_C,Rubber,765,936,9041.947560706789,11.819539295041555,0.8173076923076923
Plant_B,Rubber,211,385,3094.805984571483,14.667326941097075,0.548051948051948
Plant_C,Polymer,408,494,5354.377976461272,13.123475432503117,0.8259109311740891
Plant_C,Polymer,213,432,3571.261787443512,16.766487264993014,0.4930555555555556
Plant_A,Polymer,832,1005,13113.188453119776,15.761043813845884,0.8278606965174129
Plant_A,Polymer,617,767,7926.916805428108,12.847515081731132,0.8044328552803129
Plant_B,Chemical,636,720,8142.307351538926,12.802370049589506,0.8833333333333333
Plant_A,Chemical,576,712,5412.176148076789,9.396139145966648,0.8089887640449438
Plant_A,Polymer,219,402,3340.375843227146,15.252857731630804,0.5447761194029851
Plant_C,Chemical,786,1031,8843.211731839334,11.250905511245971,0.7623666343355965
Plant_A,Rubber,954,1021,14940.20949691581,15.66059695693481,0.9343780607247796
Plant_C,Rubber,934,1184,14746.87499139187,15.788945386929196,0.7888513513513513
Plant_C,Rubber,269,431,3332.8999712981745,12.389962718580573,0.6241299303944315
Plant_C,Polymer,410,488,7784.714105400041,18.987107574146442,0.8401639344262295
Plant_B,Rubber,300,426,6255.179179323007,20.850597264410023,0.704225352112676
Plant_B,Chemical,897,1005,13303.703678269909,14.831330745005472,0.8925373134328358
Plant_B,Polymer,331,555,5221.348208088568,15.77446588546395,0.5963963963963964
Plant_C,Chemical,822,997,8763.626877400291,10.661346566180402,0.8244734202607823
Plant_B,Rubber,580,873,7671.82835999495,13.227290275853361,0.6643757159221076
Plant_B,Rubber,331,525,3488.757621610811,10.540053237494897,0.6304761904761905
Plant_A,Rubber,219,377,3175.3517301462207,14.499322968704204,0.5809018567639257
Plant_B,Polymer,735,1008,11888.073652651381,16.1742498675529,0.7291666666666666
Plant_B,Chemical,426,715,5419.247816581783,12.721239006060523,0.5958041958041959
Plant_C,Polymer,353,424,6657.020446749183,18.858414863312134,0.8325471698113207
Plant_C,Polymer,941,1058,14367.974077675659,15.268835364161168,0.889413988657845
Plant_C,Rubber,668,786,11279.587815800305,16.88561050269507,0.8498727735368957
Plant_C,Polymer,604,818,9763.807273965991,16.16524383106952,0.7383863080684596
Plant_C,Polymer,401,683,4959.089846364882,12.366807596919905,0.5871156661786238
Plant_C,Rubber,237,335,3295.0397266837736,13.903121209636176,0.7074626865671642
Plant_B,Polymer,971,1161,11178.005840642307,11.51184947542977,0.8363479758828596
Plant_C,Rubber,387,598,3954.669700008554,10.218784754544068,0.6471571906354515
Plant_C,Rubber,256,414,3593.838694073779,14.0384323987257,0.6183574879227053
Plant_A,Rubber,219,354,3767.263601210051,17.202116900502517,0.6186440677966102
Plant_B,Rubber,472,574,7481.654396551998,15.850962704559317,0.8222996515679443
Plant_B,Polymer,318,490,5038.784332715057,15.845233750676279,0.6489795918367347
Plant_B,Rubber,782,918,9091.311213825613,11.625717664738636,0.8518518518518519
Plant_C,Rubber,715,943,9530.989304758396,13.330054971690064,0.7582184517497349
Plant_C,Polymer,420,600,5045.190859434098,12.012359189128803,0.7
Plant_C,Polymer,725,816,6638.609221911766,9.156702375050711,0.8884803921568627
Plant_A,Chemical,714,861,10179.874509061317,14.25752732361529,0.8292682926829268
Plant_C,Polymer,927,1136,13398.54952851658,14.453667236803215,0.8160211267605634
Plant_A,Polymer,940,1098,13934.990856779565,14.824458358276132,0.8561020036429873
Plant_B,Chemical,535,635,6018.807298850211,11.2501071006546,0.84251968503937
Plant_C,Polymer,897,1196,13405.31975804784,14.944615114880536,0.75
Plant_A,Polymer,254,544,4223.238277905571,16.62692235395894,0.46691176470588236
Plant_A,Polymer,699,833,9204.079441882033,13.167495625010062,0.8391356542617047
Plant_C,Polymer,965,1188,12584.7164014618,13.041156892706528,0.8122895622895623
Plant_B,Chemical,735,911,11096.05651130011,15.096675525578382,0.8068057080131723
Plant_B,Polymer,361,646,6067.459620019086,16.807367368473923,0.5588235294117647
Plant_B,Polymer,869,939,12002.239868635457,13.811553358613875,0.9254526091586794
Plant_A,Chemical,793,886,13163.65331485028,16.59981502503188,0.8950338600451467
Plant_A,Rubber,358,546,5973.000607973983,16.68435924015079,0.6556776556776557
Plant_A,Chemical,387,539,6177.825344451312,15.963372983078326,0.7179962894248608
Plant_A,Rubber,259,376,3963.613182727701,15.303525802037456,0.6888297872340425
Plant_B,Chemical,518,810,6476.2509102113,12.5024148845778,0.6395061728395062
Plant_C,Chemical,410,588,4961.779357683713,12.1019008723993,0.6972789115646258
Plant_A,Polymer,605,746,9041.306416938844,14.944308127171642,0.8109919571045576
Plant_A,Rubber,863,1103,14499.919984949338,16.801761280358445,0.7824116047144152
Plant_B,Polymer,308,381,5328.230577289067,17.299449926263204,0.8083989501312336
Plant_C,Rubber,275,449,4669.6286615586905,16.98046786021342,0.6124721603563474
Plant_C,Chemical,741,1017,10410.997157939619,14.049928688177623,0.7286135693215339
Plant_B,Chemical,513,703,5700.970608227021,11.11300313494546,0.7297297297297297
Plant_B,Rubber,316,476,5829.334884510365,18.447262292754317,0.6638655462184874
Plant_C,Polymer,903,1050,14540.155599572001,16.102054927543744,0.86
Plant_A,Polymer,218,406,4702.481629523402,21.571016649189918,0.5369458128078818
Plant_C,Polymer,631,908,9372.434753663747,14.853303888532087,0.6949339207048458
Plant_B,Polymer,884,1112,13195.77675468071,14.927349270000803,0.7949640287769785
Plant_A,Chemical,939,1005,12412.11804500609,13.21844307242395,0.9343283582089552
Plant_A,Chemical,549,697,6193.321871092575,11.28109630435806,0.787661406025825
Plant_B,Chemical,382,513,5402.0563584293095,14.141508791699763,0.7446393762183235
Plant_B,Chemical,312,465,5337.272928608434,17.10664400195011,0.6709677419354839
Plant_B,Chemical,382,645,6616.637195514169,17.321039778832905,0.5922480620155038
Plant_C,Polymer,680,978,8922.312011166372,13.121047075244665,0.6952965235173824
Plant_C,Polymer,345,546,6833.820923088695,19.808176588662885,0.6318681318681318
Plant_A,Polymer,827,1126,8174.2558476357135,9.8842271434531,0.7344582593250444
Plant_B,Polymer,312,380,5126.860860094402,16.432246346456417,0.8210526315789474
Plant_A,Chemical,962,1176,13058.393763175885,13.574213891035225,0.8180272108843537
Plant_A,Chemical,675,955,9817.694534866416,14.544732644246542,0.7068062827225131
Plant_A,Chemical,962,1096,13386.817357463236,13.915610558693594,0.8777372262773723
Plant_A,Rubber,502,559,6087.472009190083,12.126438265318889,0.8980322003577818
Plant_B,Polymer,317,394,4162.039889620126,13.12946337419598,0.8045685279187818
Plant_A,Polymer,360,414,6477.359086801241,17.992664130003448,0.8695652173913043
Plant_B,Chemical,600,794,8019.894858354921,13.366491430591536,0.7556675062972292
Plant_B,Polymer,397,547,5187.614420598439,13.067038842817228,0.7257769652650823
Plant_C,Polymer,459,672,7031.613524296642,15.319419442912075,0.6830357142857143
Plant_B,Chemical,859,1026,10308.46388465547,12.000540028702526,0.8372319688109162
Plant_C,Rubber,951,1147,12791.387403363655,13.450459940445484,0.8291194420226679
Plant_B,Rubber,246,359,5333.8557707326245,21.682340531433432,0.6852367688022284
Plant_B,Rubber,598,738,7313.8854470906435,12.23057767072014,0.8102981029810298
Plant_B,Chemical,909,1075,9254.381735686406,10.180837993054352,0.8455813953488373
Plant_C,Polymer,758,905,12185.217487157124,16.075484811552933,0.8375690607734807
Plant_C,Chemical,277,337,4210.676392383699,15.200997806439347,0.8219584569732937
Plant_A,Chemical,323,426,5199.044072961709,16.096111680996003,0.7582159624413145
